id,nuts_code,nuts_level,nuts0,nuts1,nuts2,nuts3
0,NOREG,0,0,0,0,0
1,BE,0,1,0,0,0
2,BE1,1,1,2,0,0
3,BE10,2,1,2,3,0
4,BE100,3,1,2,3,4
5,BE2,1,1,5,0,0
6,BE21,2,1,5,6,0
7,BE211,3,1,5,6,7
8,BE212,3,1,5,6,8
9,BE213,3,1,5,6,9
10,BE22,2,1,5,10,0
11,BE221,3,1,5,10,11
12,BE222,3,1,5,10,12
13,BE223,3,1,5,10,13
14,BE23,2,1,5,14,0
15,BE231,3,1,5,14,15
16,BE232,3,1,5,14,16
17,BE233,3,1,5,14,17
18,BE234,3,1,5,14,18
19,BE235,3,1,5,14,19
20,BE236,3,1,5,14,20
21,BE24,2,1,5,21,0
22,BE241,3,1,5,21,22
23,BE242,3,1,5,21,23
24,BE25,2,1,5,24,0
25,BE251,3,1,5,24,25
26,BE252,3,1,5,24,26
27,BE253,3,1,5,24,27
28,BE254,3,1,5,24,28
29,BE255,3,1,5,24,29
30,BE256,3,1,5,24,30
31,BE257,3,1,5,24,31
32,BE258,3,1,5,24,32
33,BE3,1,1,33,0,0
34,BE31,2,1,33,34,0
35,BE310,3,1,33,34,35
36,BE32,2,1,33,36,0
37,BE321,3,1,33,36,37
38,BE322,3,1,33,36,38
39,BE323,3,1,33,36,39
40,BE324,3,1,33,36,40
41,BE325,3,1,33,36,41
42,BE326,3,1,33,36,42
43,BE327,3,1,33,36,43
44,BE33,2,1,33,44,0
45,BE331,3,1,33,44,45
46,BE332,3,1,33,44,46
47,BE334,3,1,33,44,47
48,BE335,3,1,33,44,48
49,BE336,3,1,33,44,49
50,BE34,2,1,33,50,0
51,BE341,3,1,33,50,51
52,BE342,3,1,33,50,52
53,BE343,3,1,33,50,53
54,BE344,3,1,33,50,54
55,BE345,3,1,33,50,55
56,BE35,2,1,33,56,0
57,BE351,3,1,33,56,57
58,BE352,3,1,33,56,58
59,BE353,3,1,33,56,59
60,BEZ,1,1,60,0,0
61,BEZZ,2,1,60,61,0
62,BEZZZ,3,1,60,61,62
63,BG,0,63,0,0,0
64,BG3,1,63,64,0,0
65,BG31,2,63,64,65,0
66,BG311,3,63,64,65,66
67,BG312,3,63,64,65,67
68,BG313,3,63,64,65,68
69,BG314,3,63,64,65,69
70,BG315,3,63,64,65,70
71,BG32,2,63,64,71,0
72,BG321,3,63,64,71,72
73,BG322,3,63,64,71,73
74,BG323,3,63,64,71,74
75,BG324,3,63,64,71,75
76,BG325,3,63,64,71,76
77,BG33,2,63,64,77,0
78,BG331,3,63,64,77,78
79,BG332,3,63,64,77,79
80,BG333,3,63,64,77,80
81,BG334,3,63,64,77,81
82,BG34,2,63,64,82,0
83,BG341,3,63,64,82,83
84,BG342,3,63,64,82,84
85,BG343,3,63,64,82,85
86,BG344,3,63,64,82,86
87,BG4,1,63,87,0,0
88,BG41,2,63,87,88,0
89,BG411,3,63,87,88,89
90,BG412,3,63,87,88,90
91,BG413,3,63,87,88,91
92,BG414,3,63,87,88,92
93,BG415,3,63,87,88,93
94,BG42,2,63,87,94,0
95,BG421,3,63,87,94,95
96,BG422,3,63,87,94,96
97,BG423,3,63,87,94,97
98,BG424,3,63,87,94,98
99,BG425,3,63,87,94,99
100,BGZ,1,63,100,0,0
101,BGZZ,2,63,100,101,0
102,BGZZZ,3,63,100,101,102
103,CZ,0,103,0,0,0
104,CZ0,1,103,104,0,0
105,CZ01,2,103,104,105,0
106,CZ010,3,103,104,105,106
107,CZ02,2,103,104,107,0
108,CZ020,3,103,104,107,108
109,CZ03,2,103,104,109,0
110,CZ031,3,103,104,109,110
111,CZ032,3,103,104,109,111
112,CZ04,2,103,104,112,0
113,CZ041,3,103,104,112,113
114,CZ042,3,103,104,112,114
115,CZ05,2,103,104,115,0
116,CZ051,3,103,104,115,116
117,CZ052,3,103,104,115,117
118,CZ053,3,103,104,115,118
119,CZ06,2,103,104,119,0
120,CZ063,3,103,104,119,120
121,CZ064,3,103,104,119,121
122,CZ07,2,103,104,122,0
123,CZ071,3,103,104,122,123
124,CZ072,3,103,104,122,124
125,CZ08,2,103,104,125,0
126,CZ080,3,103,104,125,126
127,CZZ,1,103,127,0,0
128,CZZZ,2,103,127,128,0
129,CZZZZ,3,103,127,128,129
130,DK,0,130,0,0,0
131,DK0,1,130,131,0,0
132,DK01,2,130,131,132,0
133,DK011,3,130,131,132,133
134,DK012,3,130,131,132,134
135,DK013,3,130,131,132,135
136,DK014,3,130,131,132,136
137,DK02,2,130,131,137,0
138,DK021,3,130,131,137,138
139,DK022,3,130,131,137,139
140,DK03,2,130,131,140,0
141,DK031,3,130,131,140,141
142,DK032,3,130,131,140,142
143,DK04,2,130,131,143,0
144,DK041,3,130,131,143,144
145,DK042,3,130,131,143,145
146,DK05,2,130,131,146,0
147,DK050,3,130,131,146,147
148,DKZ,1,130,148,0,0
149,DKZZ,2,130,148,149,0
150,DKZZZ,3,130,148,149,150
151,DE,0,151,0,0,0
152,DE1,1,151,152,0,0
153,DE11,2,151,152,153,0
154,DE111,3,151,152,153,154
155,DE112,3,151,152,153,155
156,DE113,3,151,152,153,156
157,DE114,3,151,152,153,157
158,DE115,3,151,152,153,158
159,DE116,3,151,152,153,159
160,DE117,3,151,152,153,160
161,DE118,3,151,152,153,161
162,DE119,3,151,152,153,162
163,DE11A,3,151,152,153,163
164,DE11B,3,151,152,153,164
165,DE11C,3,151,152,153,165
166,DE11D,3,151,152,153,166
167,DE12,2,151,152,167,0
168,DE121,3,151,152,167,168
169,DE122,3,151,152,167,169
170,DE123,3,151,152,167,170
171,DE124,3,151,152,167,171
172,DE125,3,151,152,167,172
173,DE126,3,151,152,167,173
174,DE127,3,151,152,167,174
175,DE128,3,151,152,167,175
176,DE129,3,151,152,167,176
177,DE12A,3,151,152,167,177
178,DE12B,3,151,152,167,178
179,DE12C,3,151,152,167,179
180,DE13,2,151,152,180,0
181,DE131,3,151,152,180,181
182,DE132,3,151,152,180,182
183,DE133,3,151,152,180,183
184,DE134,3,151,152,180,184
185,DE135,3,151,152,180,185
186,DE136,3,151,152,180,186
187,DE137,3,151,152,180,187
188,DE138,3,151,152,180,188
189,DE139,3,151,152,180,189
190,DE13A,3,151,152,180,190
191,DE14,2,151,152,191,0
192,DE141,3,151,152,191,192
193,DE142,3,151,152,191,193
194,DE143,3,151,152,191,194
195,DE144,3,151,152,191,195
196,DE145,3,151,152,191,196
197,DE146,3,151,152,191,197
198,DE147,3,151,152,191,198
199,DE148,3,151,152,191,199
200,DE149,3,151,152,191,200
201,DE2,1,151,201,0,0
202,DE21,2,151,201,202,0
203,DE211,3,151,201,202,203
204,DE212,3,151,201,202,204
205,DE213,3,151,201,202,205
206,DE214,3,151,201,202,206
207,DE215,3,151,201,202,207
208,DE216,3,151,201,202,208
209,DE217,3,151,201,202,209
210,DE218,3,151,201,202,210
211,DE219,3,151,201,202,211
212,DE21A,3,151,201,202,212
213,DE21B,3,151,201,202,213
214,DE21C,3,151,201,202,214
215,DE21D,3,151,201,202,215
216,DE21E,3,151,201,202,216
217,DE21F,3,151,201,202,217
218,DE21G,3,151,201,202,218
219,DE21H,3,151,201,202,219
220,DE21I,3,151,201,202,220
221,DE21J,3,151,201,202,221
222,DE21K,3,151,201,202,222
223,DE21L,3,151,201,202,223
224,DE21M,3,151,201,202,224
225,DE21N,3,151,201,202,225
226,DE22,2,151,201,226,0
227,DE221,3,151,201,226,227
228,DE222,3,151,201,226,228
229,DE223,3,151,201,226,229
230,DE224,3,151,201,226,230
231,DE225,3,151,201,226,231
232,DE226,3,151,201,226,232
233,DE227,3,151,201,226,233
234,DE228,3,151,201,226,234
235,DE229,3,151,201,226,235
236,DE22A,3,151,201,226,236
237,DE22B,3,151,201,226,237
238,DE22C,3,151,201,226,238
239,DE23,2,151,201,239,0
240,DE231,3,151,201,239,240
241,DE232,3,151,201,239,241
242,DE233,3,151,201,239,242
243,DE234,3,151,201,239,243
244,DE235,3,151,201,239,244
245,DE236,3,151,201,239,245
246,DE237,3,151,201,239,246
247,DE238,3,151,201,239,247
248,DE239,3,151,201,239,248
249,DE23A,3,151,201,239,249
250,DE24,2,151,201,250,0
251,DE241,3,151,201,250,251
252,DE242,3,151,201,250,252
253,DE243,3,151,201,250,253
254,DE244,3,151,201,250,254
255,DE245,3,151,201,250,255
256,DE246,3,151,201,250,256
257,DE247,3,151,201,250,257
258,DE248,3,151,201,250,258
259,DE249,3,151,201,250,259
260,DE24A,3,151,201,250,260
261,DE24B,3,151,201,250,261
262,DE24C,3,151,201,250,262
263,DE24D,3,151,201,250,263
264,DE25,2,151,201,264,0
265,DE251,3,151,201,264,265
266,DE252,3,151,201,264,266
267,DE253,3,151,201,264,267
268,DE254,3,151,201,264,268
269,DE255,3,151,201,264,269
270,DE256,3,151,201,264,270
271,DE257,3,151,201,264,271
272,DE258,3,151,201,264,272
273,DE259,3,151,201,264,273
274,DE25A,3,151,201,264,274
275,DE25B,3,151,201,264,275
276,DE25C,3,151,201,264,276
277,DE26,2,151,201,277,0
278,DE261,3,151,201,277,278
279,DE262,3,151,201,277,279
280,DE263,3,151,201,277,280
281,DE264,3,151,201,277,281
282,DE265,3,151,201,277,282
283,DE266,3,151,201,277,283
284,DE267,3,151,201,277,284
285,DE268,3,151,201,277,285
286,DE269,3,151,201,277,286
287,DE26A,3,151,201,277,287
288,DE26B,3,151,201,277,288
289,DE26C,3,151,201,277,289
290,DE27,2,151,201,290,0
291,DE271,3,151,201,290,291
292,DE272,3,151,201,290,292
293,DE273,3,151,201,290,293
294,DE274,3,151,201,290,294
295,DE275,3,151,201,290,295
296,DE276,3,151,201,290,296
297,DE277,3,151,201,290,297
298,DE278,3,151,201,290,298
299,DE279,3,151,201,290,299
300,DE27A,3,151,201,290,300
301,DE27B,3,151,201,290,301
302,DE27C,3,151,201,290,302
303,DE27D,3,151,201,290,303
304,DE27E,3,151,201,290,304
305,DE3,1,151,305,0,0
306,DE30,2,151,305,306,0
307,DE300,3,151,305,306,307
308,DE4,1,151,308,0,0
309,DE40,2,151,308,309,0
310,DE401,3,151,308,309,310
311,DE402,3,151,308,309,311
312,DE403,3,151,308,309,312
313,DE404,3,151,308,309,313
314,DE405,3,151,308,309,314
315,DE406,3,151,308,309,315
316,DE407,3,151,308,309,316
317,DE408,3,151,308,309,317
318,DE409,3,151,308,309,318
319,DE40A,3,151,308,309,319
320,DE40B,3,151,308,309,320
321,DE40C,3,151,308,309,321
322,DE40D,3,151,308,309,322
323,DE40E,3,151,308,309,323
324,DE40F,3,151,308,309,324
325,DE40G,3,151,308,309,325
326,DE40H,3,151,308,309,326
327,DE40I,3,151,308,309,327
328,DE5,1,151,328,0,0
329,DE50,2,151,328,329,0
330,DE501,3,151,328,329,330
331,DE502,3,151,328,329,331
332,DE6,1,151,332,0,0
333,DE60,2,151,332,333,0
334,DE600,3,151,332,333,334
335,DE7,1,151,335,0,0
336,DE71,2,151,335,336,0
337,DE711,3,151,335,336,337
338,DE712,3,151,335,336,338
339,DE713,3,151,335,336,339
340,DE714,3,151,335,336,340
341,DE715,3,151,335,336,341
342,DE716,3,151,335,336,342
343,DE717,3,151,335,336,343
344,DE718,3,151,335,336,344
345,DE719,3,151,335,336,345
346,DE71A,3,151,335,336,346
347,DE71B,3,151,335,336,347
348,DE71C,3,151,335,336,348
349,DE71D,3,151,335,336,349
350,DE71E,3,151,335,336,350
351,DE72,2,151,335,351,0
352,DE721,3,151,335,351,352
353,DE722,3,151,335,351,353
354,DE723,3,151,335,351,354
355,DE724,3,151,335,351,355
356,DE725,3,151,335,351,356
357,DE73,2,151,335,357,0
358,DE731,3,151,335,357,358
359,DE732,3,151,335,357,359
360,DE733,3,151,335,357,360
361,DE734,3,151,335,357,361
362,DE735,3,151,335,357,362
363,DE736,3,151,335,357,363
364,DE737,3,151,335,357,364
365,DE8,1,151,365,0,0
366,DE80,2,151,365,366,0
367,DE803,3,151,365,366,367
368,DE804,3,151,365,366,368
369,DE80J,3,151,365,366,369
370,DE80K,3,151,365,366,370
371,DE80L,3,151,365,366,371
372,DE80M,3,151,365,366,372
373,DE80N,3,151,365,366,373
374,DE80O,3,151,365,366,374
375,DE9,1,151,375,0,0
376,DE91,2,151,375,376,0
377,DE911,3,151,375,376,377
378,DE912,3,151,375,376,378
379,DE913,3,151,375,376,379
380,DE914,3,151,375,376,380
381,DE915,3,151,375,376,381
382,DE916,3,151,375,376,382
383,DE917,3,151,375,376,383
384,DE918,3,151,375,376,384
385,DE919,3,151,375,376,385
386,DE91A,3,151,375,376,386
387,DE91B,3,151,375,376,387
388,DE92,2,151,375,388,0
389,DE922,3,151,375,388,389
390,DE923,3,151,375,388,390
391,DE925,3,151,375,388,391
392,DE926,3,151,375,388,392
393,DE927,3,151,375,388,393
394,DE928,3,151,375,388,394
395,DE929,3,151,375,388,395
396,DE93,2,151,375,396,0
397,DE931,3,151,375,396,397
398,DE932,3,151,375,396,398
399,DE933,3,151,375,396,399
400,DE934,3,151,375,396,400
401,DE935,3,151,375,396,401
402,DE936,3,151,375,396,402
403,DE937,3,151,375,396,403
404,DE938,3,151,375,396,404
405,DE939,3,151,375,396,405
406,DE93A,3,151,375,396,406
407,DE93B,3,151,375,396,407
408,DE94,2,151,375,408,0
409,DE941,3,151,375,408,409
410,DE942,3,151,375,408,410
411,DE943,3,151,375,408,411
412,DE944,3,151,375,408,412
413,DE945,3,151,375,408,413
414,DE946,3,151,375,408,414
415,DE947,3,151,375,408,415
416,DE948,3,151,375,408,416
417,DE949,3,151,375,408,417
418,DE94A,3,151,375,408,418
419,DE94B,3,151,375,408,419
420,DE94C,3,151,375,408,420
421,DE94D,3,151,375,408,421
422,DE94E,3,151,375,408,422
423,DE94F,3,151,375,408,423
424,DE94G,3,151,375,408,424
425,DE94H,3,151,375,408,425
426,DEA,1,151,426,0,0
427,DEA1,2,151,426,427,0
428,DEA11,3,151,426,427,428
429,DEA12,3,151,426,427,429
430,DEA13,3,151,426,427,430
431,DEA14,3,151,426,427,431
432,DEA15,3,151,426,427,432
433,DEA16,3,151,426,427,433
434,DEA17,3,151,426,427,434
435,DEA18,3,151,426,427,435
436,DEA19,3,151,426,427,436
437,DEA1A,3,151,426,427,437
438,DEA1B,3,151,426,427,438
439,DEA1C,3,151,426,427,439
440,DEA1D,3,151,426,427,440
441,DEA1E,3,151,426,427,441
442,DEA1F,3,151,426,427,442
443,DEA2,2,151,426,443,0
444,DEA22,3,151,426,443,444
445,DEA23,3,151,426,443,445
446,DEA24,3,151,426,443,446
447,DEA26,3,151,426,443,447
448,DEA27,3,151,426,443,448
449,DEA28,3,151,426,443,449
450,DEA29,3,151,426,443,450
451,DEA2A,3,151,426,443,451
452,DEA2B,3,151,426,443,452
453,DEA2C,3,151,426,443,453
454,DEA2D,3,151,426,443,454
455,DEA3,2,151,426,455,0
456,DEA31,3,151,426,455,456
457,DEA32,3,151,426,455,457
458,DEA33,3,151,426,455,458
459,DEA34,3,151,426,455,459
460,DEA35,3,151,426,455,460
461,DEA36,3,151,426,455,461
462,DEA37,3,151,426,455,462
463,DEA38,3,151,426,455,463
464,DEA4,2,151,426,464,0
465,DEA41,3,151,426,464,465
466,DEA42,3,151,426,464,466
467,DEA43,3,151,426,464,467
468,DEA44,3,151,426,464,468
469,DEA45,3,151,426,464,469
470,DEA46,3,151,426,464,470
471,DEA47,3,151,426,464,471
472,DEA5,2,151,426,472,0
473,DEA51,3,151,426,472,473
474,DEA52,3,151,426,472,474
475,DEA53,3,151,426,472,475
476,DEA54,3,151,426,472,476
477,DEA55,3,151,426,472,477
478,DEA56,3,151,426,472,478
479,DEA57,3,151,426,472,479
480,DEA58,3,151,426,472,480
481,DEA59,3,151,426,472,481
482,DEA5A,3,151,426,472,482
483,DEA5B,3,151,426,472,483
484,DEA5C,3,151,426,472,484
485,DEB,1,151,485,0,0
486,DEB1,2,151,485,486,0
487,DEB11,3,151,485,486,487
488,DEB12,3,151,485,486,488
489,DEB13,3,151,485,486,489
490,DEB14,3,151,485,486,490
491,DEB15,3,151,485,486,491
492,DEB16,3,151,485,486,492
493,DEB17,3,151,485,486,493
494,DEB18,3,151,485,486,494
495,DEB19,3,151,485,486,495
496,DEB1A,3,151,485,486,496
497,DEB1B,3,151,485,486,497
498,DEB2,2,151,485,498,0
499,DEB21,3,151,485,498,499
500,DEB22,3,151,485,498,500
501,DEB23,3,151,485,498,501
502,DEB24,3,151,485,498,502
503,DEB25,3,151,485,498,503
504,DEB3,2,151,485,504,0
505,DEB31,3,151,485,504,505
506,DEB32,3,151,485,504,506
507,DEB33,3,151,485,504,507
508,DEB34,3,151,485,504,508
509,DEB35,3,151,485,504,509
510,DEB36,3,151,485,504,510
511,DEB37,3,151,485,504,511
512,DEB38,3,151,485,504,512
513,DEB39,3,151,485,504,513
514,DEB3A,3,151,485,504,514
515,DEB3B,3,151,485,504,515
516,DEB3C,3,151,485,504,516
517,DEB3D,3,151,485,504,517
518,DEB3E,3,151,485,504,518
519,DEB3F,3,151,485,504,519
520,DEB3G,3,151,485,504,520
521,DEB3H,3,151,485,504,521
522,DEB3I,3,151,485,504,522
523,DEB3J,3,151,485,504,523
524,DEB3K,3,151,485,504,524
525,DEC,1,151,525,0,0
526,DEC0,2,151,525,526,0
527,DEC01,3,151,525,526,527
528,DEC02,3,151,525,526,528
529,DEC03,3,151,525,526,529
530,DEC04,3,151,525,526,530
531,DEC05,3,151,525,526,531
532,DEC06,3,151,525,526,532
533,DED,1,151,533,0,0
534,DED2,2,151,533,534,0
535,DED21,3,151,533,534,535
536,DED2C,3,151,533,534,536
537,DED2D,3,151,533,534,537
538,DED2E,3,151,533,534,538
539,DED2F,3,151,533,534,539
540,DED4,2,151,533,540,0
541,DED41,3,151,533,540,541
542,DED42,3,151,533,540,542
543,DED43,3,151,533,540,543
544,DED44,3,151,533,540,544
545,DED45,3,151,533,540,545
546,DED5,2,151,533,546,0
547,DED51,3,151,533,546,547
548,DED52,3,151,533,546,548
549,DED53,3,151,533,546,549
550,DEE,1,151,550,0,0
551,DEE0,2,151,550,551,0
552,DEE01,3,151,550,551,552
553,DEE02,3,151,550,551,553
554,DEE03,3,151,550,551,554
555,DEE04,3,151,550,551,555
556,DEE05,3,151,550,551,556
557,DEE06,3,151,550,551,557
558,DEE07,3,151,550,551,558
559,DEE08,3,151,550,551,559
560,DEE09,3,151,550,551,560
561,DEE0A,3,151,550,551,561
562,DEE0B,3,151,550,551,562
563,DEE0C,3,151,550,551,563
564,DEE0D,3,151,550,551,564
565,DEE0E,3,151,550,551,565
566,DEF,1,151,566,0,0
567,DEF0,2,151,566,567,0
568,DEF01,3,151,566,567,568
569,DEF02,3,151,566,567,569
570,DEF03,3,151,566,567,570
571,DEF04,3,151,566,567,571
572,DEF05,3,151,566,567,572
573,DEF06,3,151,566,567,573
574,DEF07,3,151,566,567,574
575,DEF08,3,151,566,567,575
576,DEF09,3,151,566,567,576
577,DEF0A,3,151,566,567,577
578,DEF0B,3,151,566,567,578
579,DEF0C,3,151,566,567,579
580,DEF0D,3,151,566,567,580
581,DEF0E,3,151,566,567,581
582,DEF0F,3,151,566,567,582
583,DEG,1,151,583,0,0
584,DEG0,2,151,583,584,0
585,DEG01,3,151,583,584,585
586,DEG02,3,151,583,584,586
587,DEG03,3,151,583,584,587
588,DEG04,3,151,583,584,588
589,DEG05,3,151,583,584,589
590,DEG06,3,151,583,584,590
591,DEG07,3,151,583,584,591
592,DEG09,3,151,583,584,592
593,DEG0A,3,151,583,584,593
594,DEG0B,3,151,583,584,594
595,DEG0C,3,151,583,584,595
596,DEG0D,3,151,583,584,596
597,DEG0E,3,151,583,584,597
598,DEG0F,3,151,583,584,598
599,DEG0G,3,151,583,584,599
600,DEG0H,3,151,583,584,600
601,DEG0I,3,151,583,584,601
602,DEG0J,3,151,583,584,602
603,DEG0K,3,151,583,584,603
604,DEG0L,3,151,583,584,604
605,DEG0M,3,151,583,584,605
606,DEG0N,3,151,583,584,606
607,DEG0P,3,151,583,584,607
608,DEZ,1,151,608,0,0
609,DEZZ,2,151,608,609,0
610,DEZZZ,3,151,608,609,610
611,EE,0,611,0,0,0
612,EE0,1,611,612,0,0
613,EE00,2,611,612,613,0
614,EE001,3,611,612,613,614
615,EE004,3,611,612,613,615
616,EE006,3,611,612,613,616
617,EE007,3,611,612,613,617
618,EE008,3,611,612,613,618
619,EEZ,1,611,619,0,0
620,EEZZ,2,611,619,620,0
621,EEZZZ,3,611,619,620,621
622,IE,0,622,0,0,0
623,IE0,1,622,623,0,0
624,IE01,2,622,623,624,0
625,IE011,3,622,623,624,625
626,IE012,3,622,623,624,626
627,IE013,3,622,623,624,627
628,IE02,2,622,623,628,0
629,IE021,3,622,623,628,629
630,IE022,3,622,623,628,630
631,IE023,3,622,623,628,631
632,IE024,3,622,623,628,632
633,IE025,3,622,623,628,633
634,IEZ,1,622,634,0,0
635,IEZZ,2,622,634,635,0
636,IEZZZ,3,622,634,635,636
637,EL,0,637,0,0,0
638,EL3,1,637,638,0,0
639,EL30,2,637,638,639,0
640,EL301,3,637,638,639,640
641,EL302,3,637,638,639,641
642,EL303,3,637,638,639,642
643,EL304,3,637,638,639,643
644,EL305,3,637,638,639,644
645,EL306,3,637,638,639,645
646,EL307,3,637,638,639,646
647,EL4,1,637,647,0,0
648,EL41,2,637,647,648,0
649,EL411,3,637,647,648,649
650,EL412,3,637,647,648,650
651,EL413,3,637,647,648,651
652,EL42,2,637,647,652,0
653,EL421,3,637,647,652,653
654,EL422,3,637,647,652,654
655,EL43,2,637,647,655,0
656,EL431,3,637,647,655,656
657,EL432,3,637,647,655,657
658,EL433,3,637,647,655,658
659,EL434,3,637,647,655,659
660,EL5,1,637,660,0,0
661,EL51,2,637,660,661,0
662,EL511,3,637,660,661,662
663,EL512,3,637,660,661,663
664,EL513,3,637,660,661,664
665,EL514,3,637,660,661,665
666,EL515,3,637,660,661,666
667,EL52,2,637,660,667,0
668,EL521,3,637,660,667,668
669,EL522,3,637,660,667,669
670,EL523,3,637,660,667,670
671,EL524,3,637,660,667,671
672,EL525,3,637,660,667,672
673,EL526,3,637,660,667,673
674,EL527,3,637,660,667,674
675,EL53,2,637,660,675,0
676,EL531,3,637,660,675,676
677,EL532,3,637,660,675,677
678,EL533,3,637,660,675,678
679,EL54,2,637,660,679,0
680,EL541,3,637,660,679,680
681,EL542,3,637,660,679,681
682,EL543,3,637,660,679,682
683,EL6,1,637,683,0,0
684,EL61,2,637,683,684,0
685,EL611,3,637,683,684,685
686,EL612,3,637,683,684,686
687,EL613,3,637,683,684,687
688,EL62,2,637,683,688,0
689,EL621,3,637,683,688,689
690,EL622,3,637,683,688,690
691,EL623,3,637,683,688,691
692,EL624,3,637,683,688,692
693,EL63,2,637,683,693,0
694,EL631,3,637,683,693,694
695,EL632,3,637,683,693,695
696,EL633,3,637,683,693,696
697,EL64,2,637,683,697,0
698,EL641,3,637,683,697,698
699,EL642,3,637,683,697,699
700,EL643,3,637,683,697,700
701,EL644,3,637,683,697,701
702,EL645,3,637,683,697,702
703,EL65,2,637,683,703,0
704,EL651,3,637,683,703,704
705,EL652,3,637,683,703,705
706,EL653,3,637,683,703,706
707,ELZ,1,637,707,0,0
708,ELZZ,2,637,707,708,0
709,ELZZZ,3,637,707,708,709
710,ES,0,710,0,0,0
711,ES1,1,710,711,0,0
712,ES11,2,710,711,712,0
713,ES111,3,710,711,712,713
714,ES112,3,710,711,712,714
715,ES113,3,710,711,712,715
716,ES114,3,710,711,712,716
717,ES12,2,710,711,717,0
718,ES120,3,710,711,717,718
719,ES13,2,710,711,719,0
720,ES130,3,710,711,719,720
721,ES2,1,710,721,0,0
722,ES21,2,710,721,722,0
723,ES211,3,710,721,722,723
724,ES212,3,710,721,722,724
725,ES213,3,710,721,722,725
726,ES22,2,710,721,726,0
727,ES220,3,710,721,726,727
728,ES23,2,710,721,728,0
729,ES230,3,710,721,728,729
730,ES24,2,710,721,730,0
731,ES241,3,710,721,730,731
732,ES242,3,710,721,730,732
733,ES243,3,710,721,730,733
734,ES3,1,710,734,0,0
735,ES30,2,710,734,735,0
736,ES300,3,710,734,735,736
737,ES4,1,710,737,0,0
738,ES41,2,710,737,738,0
739,ES411,3,710,737,738,739
740,ES412,3,710,737,738,740
741,ES413,3,710,737,738,741
742,ES414,3,710,737,738,742
743,ES415,3,710,737,738,743
744,ES416,3,710,737,738,744
745,ES417,3,710,737,738,745
746,ES418,3,710,737,738,746
747,ES419,3,710,737,738,747
748,ES42,2,710,737,748,0
749,ES421,3,710,737,748,749
750,ES422,3,710,737,748,750
751,ES423,3,710,737,748,751
752,ES424,3,710,737,748,752
753,ES425,3,710,737,748,753
754,ES43,2,710,737,754,0
755,ES431,3,710,737,754,755
756,ES432,3,710,737,754,756
757,ES5,1,710,757,0,0
758,ES51,2,710,757,758,0
759,ES511,3,710,757,758,759
760,ES512,3,710,757,758,760
761,ES513,3,710,757,758,761
762,ES514,3,710,757,758,762
763,ES52,2,710,757,763,0
764,ES521,3,710,757,763,764
765,ES522,3,710,757,763,765
766,ES523,3,710,757,763,766
767,ES53,2,710,757,767,0
768,ES531,3,710,757,767,768
769,ES532,3,710,757,767,769
770,ES533,3,710,757,767,770
771,ES6,1,710,771,0,0
772,ES61,2,710,771,772,0
773,ES611,3,710,771,772,773
774,ES612,3,710,771,772,774
775,ES613,3,710,771,772,775
776,ES614,3,710,771,772,776
777,ES615,3,710,771,772,777
778,ES616,3,710,771,772,778
779,ES617,3,710,771,772,779
780,ES618,3,710,771,772,780
781,ES62,2,710,771,781,0
782,ES620,3,710,771,781,782
783,ES63,2,710,771,783,0
784,ES630,3,710,771,783,784
785,ES64,2,710,771,785,0
786,ES640,3,710,771,785,786
787,ES7,1,710,787,0,0
788,ES70,2,710,787,788,0
789,ES703,3,710,787,788,789
790,ES704,3,710,787,788,790
791,ES705,3,710,787,788,791
792,ES706,3,710,787,788,792
793,ES707,3,710,787,788,793
794,ES708,3,710,787,788,794
795,ES709,3,710,787,788,795
796,ESZ,1,710,796,0,0
797,ESZZ,2,710,796,797,0
798,ESZZZ,3,710,796,797,798
799,FR,0,799,0,0,0
800,FR1,1,799,800,0,0
801,FR10,2,799,800,801,0
802,FR101,3,799,800,801,802
803,FR102,3,799,800,801,803
804,FR103,3,799,800,801,804
805,FR104,3,799,800,801,805
806,FR105,3,799,800,801,806
807,FR106,3,799,800,801,807
808,FR107,3,799,800,801,808
809,FR108,3,799,800,801,809
810,FR2,1,799,810,0,0
811,FR21,2,799,810,811,0
812,FR211,3,799,810,811,812
813,FR212,3,799,810,811,813
814,FR213,3,799,810,811,814
815,FR214,3,799,810,811,815
816,FR22,2,799,810,816,0
817,FR221,3,799,810,816,817
818,FR222,3,799,810,816,818
819,FR223,3,799,810,816,819
820,FR23,2,799,810,820,0
821,FR231,3,799,810,820,821
822,FR232,3,799,810,820,822
823,FR24,2,799,810,823,0
824,FR241,3,799,810,823,824
825,FR242,3,799,810,823,825
826,FR243,3,799,810,823,826
827,FR244,3,799,810,823,827
828,FR245,3,799,810,823,828
829,FR246,3,799,810,823,829
830,FR25,2,799,810,830,0
831,FR251,3,799,810,830,831
832,FR252,3,799,810,830,832
833,FR253,3,799,810,830,833
834,FR26,2,799,810,834,0
835,FR261,3,799,810,834,835
836,FR262,3,799,810,834,836
837,FR263,3,799,810,834,837
838,FR264,3,799,810,834,838
839,FR3,1,799,839,0,0
840,FR30,2,799,839,840,0
841,FR301,3,799,839,840,841
842,FR302,3,799,839,840,842
843,FR4,1,799,843,0,0
844,FR41,2,799,843,844,0
845,FR411,3,799,843,844,845
846,FR412,3,799,843,844,846
847,FR413,3,799,843,844,847
848,FR414,3,799,843,844,848
849,FR42,2,799,843,849,0
850,FR421,3,799,843,849,850
851,FR422,3,799,843,849,851
852,FR43,2,799,843,852,0
853,FR431,3,799,843,852,853
854,FR432,3,799,843,852,854
855,FR433,3,799,843,852,855
856,FR434,3,799,843,852,856
857,FR5,1,799,857,0,0
858,FR51,2,799,857,858,0
859,FR511,3,799,857,858,859
860,FR512,3,799,857,858,860
861,FR513,3,799,857,858,861
862,FR514,3,799,857,858,862
863,FR515,3,799,857,858,863
864,FR52,2,799,857,864,0
865,FR521,3,799,857,864,865
866,FR522,3,799,857,864,866
867,FR523,3,799,857,864,867
868,FR524,3,799,857,864,868
869,FR53,2,799,857,869,0
870,FR531,3,799,857,869,870
871,FR532,3,799,857,869,871
872,FR533,3,799,857,869,872
873,FR534,3,799,857,869,873
874,FR6,1,799,874,0,0
875,FR61,2,799,874,875,0
876,FR611,3,799,874,875,876
877,FR612,3,799,874,875,877
878,FR613,3,799,874,875,878
879,FR614,3,799,874,875,879
880,FR615,3,799,874,875,880
881,FR62,2,799,874,881,0
882,FR621,3,799,874,881,882
883,FR622,3,799,874,881,883
884,FR623,3,799,874,881,884
885,FR624,3,799,874,881,885
886,FR625,3,799,874,881,886
887,FR626,3,799,874,881,887
888,FR627,3,799,874,881,888
889,FR628,3,799,874,881,889
890,FR63,2,799,874,890,0
891,FR631,3,799,874,890,891
892,FR632,3,799,874,890,892
893,FR633,3,799,874,890,893
894,FR7,1,799,894,0,0
895,FR71,2,799,894,895,0
896,FR711,3,799,894,895,896
897,FR712,3,799,894,895,897
898,FR713,3,799,894,895,898
899,FR714,3,799,894,895,899
900,FR715,3,799,894,895,900
901,FR716,3,799,894,895,901
902,FR717,3,799,894,895,902
903,FR718,3,799,894,895,903
904,FR72,2,799,894,904,0
905,FR721,3,799,894,904,905
906,FR722,3,799,894,904,906
907,FR723,3,799,894,904,907
908,FR724,3,799,894,904,908
909,FR8,1,799,909,0,0
910,FR81,2,799,909,910,0
911,FR811,3,799,909,910,911
912,FR812,3,799,909,910,912
913,FR813,3,799,909,910,913
914,FR814,3,799,909,910,914
915,FR815,3,799,909,910,915
916,FR82,2,799,909,916,0
917,FR821,3,799,909,916,917
918,FR822,3,799,909,916,918
919,FR823,3,799,909,916,919
920,FR824,3,799,909,916,920
921,FR825,3,799,909,916,921
922,FR826,3,799,909,916,922
923,FR83,2,799,909,923,0
924,FR831,3,799,909,923,924
925,FR832,3,799,909,923,925
926,FRA,1,799,926,0,0
927,FRA1,2,799,926,927,0
928,FRA10,3,799,926,927,928
929,FRA2,2,799,926,929,0
930,FRA20,3,799,926,929,930
931,FRA3,2,799,926,931,0
932,FRA30,3,799,926,931,932
933,FRA4,2,799,926,933,0
934,FRA40,3,799,926,933,934
935,FRA5,2,799,926,935,0
936,FRA50,3,799,926,935,936
937,FRZ,1,799,937,0,0
938,FRZZ,2,799,937,938,0
939,FRZZZ,3,799,937,938,939
940,HR,0,940,0,0,0
941,HR0,1,940,941,0,0
942,HR03,2,940,941,942,0
943,HR031,3,940,941,942,943
944,HR032,3,940,941,942,944
945,HR033,3,940,941,942,945
946,HR034,3,940,941,942,946
947,HR035,3,940,941,942,947
948,HR036,3,940,941,942,948
949,HR037,3,940,941,942,949
950,HR04,2,940,941,950,0
951,HR041,3,940,941,950,951
952,HR042,3,940,941,950,952
953,HR043,3,940,941,950,953
954,HR044,3,940,941,950,954
955,HR045,3,940,941,950,955
956,HR046,3,940,941,950,956
957,HR047,3,940,941,950,957
958,HR048,3,940,941,950,958
959,HR049,3,940,941,950,959
960,HR04A,3,940,941,950,960
961,HR04B,3,940,941,950,961
962,HR04C,3,940,941,950,962
963,HR04D,3,940,941,950,963
964,HR04E,3,940,941,950,964
965,HRZ,1,940,965,0,0
966,HRZZ,2,940,965,966,0
967,HRZZZ,3,940,965,966,967
968,IT,0,968,0,0,0
969,ITC,1,968,969,0,0
970,ITC1,2,968,969,970,0
971,ITC11,3,968,969,970,971
972,ITC12,3,968,969,970,972
973,ITC13,3,968,969,970,973
974,ITC14,3,968,969,970,974
975,ITC15,3,968,969,970,975
976,ITC16,3,968,969,970,976
977,ITC17,3,968,969,970,977
978,ITC18,3,968,969,970,978
979,ITC2,2,968,969,979,0
980,ITC20,3,968,969,979,980
981,ITC3,2,968,969,981,0
982,ITC31,3,968,969,981,982
983,ITC32,3,968,969,981,983
984,ITC33,3,968,969,981,984
985,ITC34,3,968,969,981,985
986,ITC4,2,968,969,986,0
987,ITC41,3,968,969,986,987
988,ITC42,3,968,969,986,988
989,ITC43,3,968,969,986,989
990,ITC44,3,968,969,986,990
991,ITC46,3,968,969,986,991
992,ITC47,3,968,969,986,992
993,ITC48,3,968,969,986,993
994,ITC49,3,968,969,986,994
995,ITC4A,3,968,969,986,995
996,ITC4B,3,968,969,986,996
997,ITC4C,3,968,969,986,997
998,ITC4D,3,968,969,986,998
999,ITF,1,968,999,0,0
1000,ITF1,2,968,999,1000,0
1001,ITF11,3,968,999,1000,1001
1002,ITF12,3,968,999,1000,1002
1003,ITF13,3,968,999,1000,1003
1004,ITF14,3,968,999,1000,1004
1005,ITF2,2,968,999,1005,0
1006,ITF21,3,968,999,1005,1006
1007,ITF22,3,968,999,1005,1007
1008,ITF3,2,968,999,1008,0
1009,ITF31,3,968,999,1008,1009
1010,ITF32,3,968,999,1008,1010
1011,ITF33,3,968,999,1008,1011
1012,ITF34,3,968,999,1008,1012
1013,ITF35,3,968,999,1008,1013
1014,ITF4,2,968,999,1014,0
1015,ITF43,3,968,999,1014,1015
1016,ITF44,3,968,999,1014,1016
1017,ITF45,3,968,999,1014,1017
1018,ITF46,3,968,999,1014,1018
1019,ITF47,3,968,999,1014,1019
1020,ITF48,3,968,999,1014,1020
1021,ITF5,2,968,999,1021,0
1022,ITF51,3,968,999,1021,1022
1023,ITF52,3,968,999,1021,1023
1024,ITF6,2,968,999,1024,0
1025,ITF61,3,968,999,1024,1025
1026,ITF62,3,968,999,1024,1026
1027,ITF63,3,968,999,1024,1027
1028,ITF64,3,968,999,1024,1028
1029,ITF65,3,968,999,1024,1029
1030,ITG,1,968,1030,0,0
1031,ITG1,2,968,1030,1031,0
1032,ITG11,3,968,1030,1031,1032
1033,ITG12,3,968,1030,1031,1033
1034,ITG13,3,968,1030,1031,1034
1035,ITG14,3,968,1030,1031,1035
1036,ITG15,3,968,1030,1031,1036
1037,ITG16,3,968,1030,1031,1037
1038,ITG17,3,968,1030,1031,1038
1039,ITG18,3,968,1030,1031,1039
1040,ITG19,3,968,1030,1031,1040
1041,ITG2,2,968,1030,1041,0
1042,ITG25,3,968,1030,1041,1042
1043,ITG26,3,968,1030,1041,1043
1044,ITG27,3,968,1030,1041,1044
1045,ITG28,3,968,1030,1041,1045
1046,ITG29,3,968,1030,1041,1046
1047,ITG2A,3,968,1030,1041,1047
1048,ITG2B,3,968,1030,1041,1048
1049,ITG2C,3,968,1030,1041,1049
1050,ITH,1,968,1050,0,0
1051,ITH1,2,968,1050,1051,0
1052,ITH10,3,968,1050,1051,1052
1053,ITH2,2,968,1050,1053,0
1054,ITH20,3,968,1050,1053,1054
1055,ITH3,2,968,1050,1055,0
1056,ITH31,3,968,1050,1055,1056
1057,ITH32,3,968,1050,1055,1057
1058,ITH33,3,968,1050,1055,1058
1059,ITH34,3,968,1050,1055,1059
1060,ITH35,3,968,1050,1055,1060
1061,ITH36,3,968,1050,1055,1061
1062,ITH37,3,968,1050,1055,1062
1063,ITH4,2,968,1050,1063,0
1064,ITH41,3,968,1050,1063,1064
1065,ITH42,3,968,1050,1063,1065
1066,ITH43,3,968,1050,1063,1066
1067,ITH44,3,968,1050,1063,1067
1068,ITH5,2,968,1050,1068,0
1069,ITH51,3,968,1050,1068,1069
1070,ITH52,3,968,1050,1068,1070
1071,ITH53,3,968,1050,1068,1071
1072,ITH54,3,968,1050,1068,1072
1073,ITH55,3,968,1050,1068,1073
1074,ITH56,3,968,1050,1068,1074
1075,ITH57,3,968,1050,1068,1075
1076,ITH58,3,968,1050,1068,1076
1077,ITH59,3,968,1050,1068,1077
1078,ITI,1,968,1078,0,0
1079,ITI1,2,968,1078,1079,0
1080,ITI11,3,968,1078,1079,1080
1081,ITI12,3,968,1078,1079,1081
1082,ITI13,3,968,1078,1079,1082
1083,ITI14,3,968,1078,1079,1083
1084,ITI15,3,968,1078,1079,1084
1085,ITI16,3,968,1078,1079,1085
1086,ITI17,3,968,1078,1079,1086
1087,ITI18,3,968,1078,1079,1087
1088,ITI19,3,968,1078,1079,1088
1089,ITI1A,3,968,1078,1079,1089
1090,ITI2,2,968,1078,1090,0
1091,ITI21,3,968,1078,1090,1091
1092,ITI22,3,968,1078,1090,1092
1093,ITI3,2,968,1078,1093,0
1094,ITI31,3,968,1078,1093,1094
1095,ITI32,3,968,1078,1093,1095
1096,ITI33,3,968,1078,1093,1096
1097,ITI34,3,968,1078,1093,1097
1098,ITI35,3,968,1078,1093,1098
1099,ITI4,2,968,1078,1099,0
1100,ITI41,3,968,1078,1099,1100
1101,ITI42,3,968,1078,1099,1101
1102,ITI43,3,968,1078,1099,1102
1103,ITI44,3,968,1078,1099,1103
1104,ITI45,3,968,1078,1099,1104
1105,ITZ,1,968,1105,0,0
1106,ITZZ,2,968,1105,1106,0
1107,ITZZZ,3,968,1105,1106,1107
1108,CY,0,1108,0,0,0
1109,CY0,1,1108,1109,0,0
1110,CY00,2,1108,1109,1110,0
1111,CY000,3,1108,1109,1110,1111
1112,CYZ,1,1108,1112,0,0
1113,CYZZ,2,1108,1112,1113,0
1114,CYZZZ,3,1108,1112,1113,1114
1115,LV,0,1115,0,0,0
1116,LV0,1,1115,1116,0,0
1117,LV00,2,1115,1116,1117,0
1118,LV003,3,1115,1116,1117,1118
1119,LV005,3,1115,1116,1117,1119
1120,LV006,3,1115,1116,1117,1120
1121,LV007,3,1115,1116,1117,1121
1122,LV008,3,1115,1116,1117,1122
1123,LV009,3,1115,1116,1117,1123
1124,LVZ,1,1115,1124,0,0
1125,LVZZ,2,1115,1124,1125,0
1126,LVZZZ,3,1115,1124,1125,1126
1127,LT,0,1127,0,0,0
1128,LT0,1,1127,1128,0,0
1129,LT00,2,1127,1128,1129,0
1130,LT001,3,1127,1128,1129,1130
1131,LT002,3,1127,1128,1129,1131
1132,LT003,3,1127,1128,1129,1132
1133,LT004,3,1127,1128,1129,1133
1134,LT005,3,1127,1128,1129,1134
1135,LT006,3,1127,1128,1129,1135
1136,LT007,3,1127,1128,1129,1136
1137,LT008,3,1127,1128,1129,1137
1138,LT009,3,1127,1128,1129,1138
1139,LT00A,3,1127,1128,1129,1139
1140,LTZ,1,1127,1140,0,0
1141,LTZZ,2,1127,1140,1141,0
1142,LTZZZ,3,1127,1140,1141,1142
1143,LU,0,1143,0,0,0
1144,LU0,1,1143,1144,0,0
1145,LU00,2,1143,1144,1145,0
1146,LU000,3,1143,1144,1145,1146
1147,LUZ,1,1143,1147,0,0
1148,LUZZ,2,1143,1147,1148,0
1149,LUZZZ,3,1143,1147,1148,1149
1150,HU,0,1150,0,0,0
1151,HU1,1,1150,1151,0,0
1152,HU10,2,1150,1151,1152,0
1153,HU101,3,1150,1151,1152,1153
1154,HU102,3,1150,1151,1152,1154
1155,HU2,1,1150,1155,0,0
1156,HU21,2,1150,1155,1156,0
1157,HU211,3,1150,1155,1156,1157
1158,HU212,3,1150,1155,1156,1158
1159,HU213,3,1150,1155,1156,1159
1160,HU22,2,1150,1155,1160,0
1161,HU221,3,1150,1155,1160,1161
1162,HU222,3,1150,1155,1160,1162
1163,HU223,3,1150,1155,1160,1163
1164,HU23,2,1150,1155,1164,0
1165,HU231,3,1150,1155,1164,1165
1166,HU232,3,1150,1155,1164,1166
1167,HU233,3,1150,1155,1164,1167
1168,HU3,1,1150,1168,0,0
1169,HU31,2,1150,1168,1169,0
1170,HU311,3,1150,1168,1169,1170
1171,HU312,3,1150,1168,1169,1171
1172,HU313,3,1150,1168,1169,1172
1173,HU32,2,1150,1168,1173,0
1174,HU321,3,1150,1168,1173,1174
1175,HU322,3,1150,1168,1173,1175
1176,HU323,3,1150,1168,1173,1176
1177,HU33,2,1150,1168,1177,0
1178,HU331,3,1150,1168,1177,1178
1179,HU332,3,1150,1168,1177,1179
1180,HU333,3,1150,1168,1177,1180
1181,HUZ,1,1150,1181,0,0
1182,HUZZ,2,1150,1181,1182,0
1183,HUZZZ,3,1150,1181,1182,1183
1184,MT,0,1184,0,0,0
1185,MT0,1,1184,1185,0,0
1186,MT00,2,1184,1185,1186,0
1187,MT001,3,1184,1185,1186,1187
1188,MT002,3,1184,1185,1186,1188
1189,MTZ,1,1184,1189,0,0
1190,MTZZ,2,1184,1189,1190,0
1191,MTZZZ,3,1184,1189,1190,1191
1192,NL,0,1192,0,0,0
1193,NL1,1,1192,1193,0,0
1194,NL11,2,1192,1193,1194,0
1195,NL111,3,1192,1193,1194,1195
1196,NL112,3,1192,1193,1194,1196
1197,NL113,3,1192,1193,1194,1197
1198,NL12,2,1192,1193,1198,0
1199,NL121,3,1192,1193,1198,1199
1200,NL122,3,1192,1193,1198,1200
1201,NL123,3,1192,1193,1198,1201
1202,NL13,2,1192,1193,1202,0
1203,NL131,3,1192,1193,1202,1203
1204,NL132,3,1192,1193,1202,1204
1205,NL133,3,1192,1193,1202,1205
1206,NL2,1,1192,1206,0,0
1207,NL21,2,1192,1206,1207,0
1208,NL211,3,1192,1206,1207,1208
1209,NL212,3,1192,1206,1207,1209
1210,NL213,3,1192,1206,1207,1210
1211,NL22,2,1192,1206,1211,0
1212,NL221,3,1192,1206,1211,1212
1213,NL224,3,1192,1206,1211,1213
1214,NL225,3,1192,1206,1211,1214
1215,NL226,3,1192,1206,1211,1215
1216,NL23,2,1192,1206,1216,0
1217,NL230,3,1192,1206,1216,1217
1218,NL3,1,1192,1218,0,0
1219,NL31,2,1192,1218,1219,0
1220,NL310,3,1192,1218,1219,1220
1221,NL32,2,1192,1218,1221,0
1222,NL321,3,1192,1218,1221,1222
1223,NL322,3,1192,1218,1221,1223
1224,NL323,3,1192,1218,1221,1224
1225,NL324,3,1192,1218,1221,1225
1226,NL325,3,1192,1218,1221,1226
1227,NL326,3,1192,1218,1221,1227
1228,NL327,3,1192,1218,1221,1228
1229,NL33,2,1192,1218,1229,0
1230,NL332,3,1192,1218,1229,1230
1231,NL333,3,1192,1218,1229,1231
1232,NL337,3,1192,1218,1229,1232
1233,NL338,3,1192,1218,1229,1233
1234,NL339,3,1192,1218,1229,1234
1235,NL33A,3,1192,1218,1229,1235
1236,NL34,2,1192,1218,1236,0
1237,NL341,3,1192,1218,1236,1237
1238,NL342,3,1192,1218,1236,1238
1239,NL4,1,1192,1239,0,0
1240,NL41,2,1192,1239,1240,0
1241,NL411,3,1192,1239,1240,1241
1242,NL412,3,1192,1239,1240,1242
1243,NL413,3,1192,1239,1240,1243
1244,NL414,3,1192,1239,1240,1244
1245,NL42,2,1192,1239,1245,0
1246,NL421,3,1192,1239,1245,1246
1247,NL422,3,1192,1239,1245,1247
1248,NL423,3,1192,1239,1245,1248
1249,NLZ,1,1192,1249,0,0
1250,NLZZ,2,1192,1249,1250,0
1251,NLZZZ,3,1192,1249,1250,1251
1252,AT,0,1252,0,0,0
1253,AT1,1,1252,1253,0,0
1254,AT11,2,1252,1253,1254,0
1255,AT111,3,1252,1253,1254,1255
1256,AT112,3,1252,1253,1254,1256
1257,AT113,3,1252,1253,1254,1257
1258,AT12,2,1252,1253,1258,0
1259,AT121,3,1252,1253,1258,1259
1260,AT122,3,1252,1253,1258,1260
1261,AT123,3,1252,1253,1258,1261
1262,AT124,3,1252,1253,1258,1262
1263,AT125,3,1252,1253,1258,1263
1264,AT126,3,1252,1253,1258,1264
1265,AT127,3,1252,1253,1258,1265
1266,AT13,2,1252,1253,1266,0
1267,AT130,3,1252,1253,1266,1267
1268,AT2,1,1252,1268,0,0
1269,AT21,2,1252,1268,1269,0
1270,AT211,3,1252,1268,1269,1270
1271,AT212,3,1252,1268,1269,1271
1272,AT213,3,1252,1268,1269,1272
1273,AT22,2,1252,1268,1273,0
1274,AT221,3,1252,1268,1273,1274
1275,AT222,3,1252,1268,1273,1275
1276,AT223,3,1252,1268,1273,1276
1277,AT224,3,1252,1268,1273,1277
1278,AT225,3,1252,1268,1273,1278
1279,AT226,3,1252,1268,1273,1279
1280,AT3,1,1252,1280,0,0
1281,AT31,2,1252,1280,1281,0
1282,AT311,3,1252,1280,1281,1282
1283,AT312,3,1252,1280,1281,1283
1284,AT313,3,1252,1280,1281,1284
1285,AT314,3,1252,1280,1281,1285
1286,AT315,3,1252,1280,1281,1286
1287,AT32,2,1252,1280,1287,0
1288,AT321,3,1252,1280,1287,1288
1289,AT322,3,1252,1280,1287,1289
1290,AT323,3,1252,1280,1287,1290
1291,AT33,2,1252,1280,1291,0
1292,AT331,3,1252,1280,1291,1292
1293,AT332,3,1252,1280,1291,1293
1294,AT333,3,1252,1280,1291,1294
1295,AT334,3,1252,1280,1291,1295
1296,AT335,3,1252,1280,1291,1296
1297,AT34,2,1252,1280,1297,0
1298,AT341,3,1252,1280,1297,1298
1299,AT342,3,1252,1280,1297,1299
1300,ATZ,1,1252,1300,0,0
1301,ATZZ,2,1252,1300,1301,0
1302,ATZZZ,3,1252,1300,1301,1302
1303,PL,0,1303,0,0,0
1304,PL1,1,1303,1304,0,0
1305,PL11,2,1303,1304,1305,0
1306,PL113,3,1303,1304,1305,1306
1307,PL114,3,1303,1304,1305,1307
1308,PL115,3,1303,1304,1305,1308
1309,PL116,3,1303,1304,1305,1309
1310,PL117,3,1303,1304,1305,1310
1311,PL12,2,1303,1304,1311,0
1312,PL127,3,1303,1304,1311,1312
1313,PL128,3,1303,1304,1311,1313
1314,PL129,3,1303,1304,1311,1314
1315,PL12A,3,1303,1304,1311,1315
1316,PL12B,3,1303,1304,1311,1316
1317,PL12C,3,1303,1304,1311,1317
1318,PL12D,3,1303,1304,1311,1318
1319,PL12E,3,1303,1304,1311,1319
1320,PL2,1,1303,1320,0,0
1321,PL21,2,1303,1320,1321,0
1322,PL213,3,1303,1320,1321,1322
1323,PL214,3,1303,1320,1321,1323
1324,PL217,3,1303,1320,1321,1324
1325,PL218,3,1303,1320,1321,1325
1326,PL219,3,1303,1320,1321,1326
1327,PL21A,3,1303,1320,1321,1327
1328,PL22,2,1303,1320,1328,0
1329,PL224,3,1303,1320,1328,1329
1330,PL225,3,1303,1320,1328,1330
1331,PL227,3,1303,1320,1328,1331
1332,PL228,3,1303,1320,1328,1332
1333,PL229,3,1303,1320,1328,1333
1334,PL22A,3,1303,1320,1328,1334
1335,PL22B,3,1303,1320,1328,1335
1336,PL22C,3,1303,1320,1328,1336
1337,PL3,1,1303,1337,0,0
1338,PL31,2,1303,1337,1338,0
1339,PL311,3,1303,1337,1338,1339
1340,PL312,3,1303,1337,1338,1340
1341,PL314,3,1303,1337,1338,1341
1342,PL315,3,1303,1337,1338,1342
1343,PL32,2,1303,1337,1343,0
1344,PL323,3,1303,1337,1343,1344
1345,PL324,3,1303,1337,1343,1345
1346,PL325,3,1303,1337,1343,1346
1347,PL326,3,1303,1337,1343,1347
1348,PL33,2,1303,1337,1348,0
1349,PL331,3,1303,1337,1348,1349
1350,PL332,3,1303,1337,1348,1350
1351,PL34,2,1303,1337,1351,0
1352,PL343,3,1303,1337,1351,1352
1353,PL344,3,1303,1337,1351,1353
1354,PL345,3,1303,1337,1351,1354
1355,PL4,1,1303,1355,0,0
1356,PL41,2,1303,1355,1356,0
1357,PL411,3,1303,1355,1356,1357
1358,PL414,3,1303,1355,1356,1358
1359,PL415,3,1303,1355,1356,1359
1360,PL416,3,1303,1355,1356,1360
1361,PL417,3,1303,1355,1356,1361
1362,PL418,3,1303,1355,1356,1362
1363,PL42,2,1303,1355,1363,0
1364,PL424,3,1303,1355,1363,1364
1365,PL426,3,1303,1355,1363,1365
1366,PL427,3,1303,1355,1363,1366
1367,PL428,3,1303,1355,1363,1367
1368,PL43,2,1303,1355,1368,0
1369,PL431,3,1303,1355,1368,1369
1370,PL432,3,1303,1355,1368,1370
1371,PL5,1,1303,1371,0,0
1372,PL51,2,1303,1371,1372,0
1373,PL514,3,1303,1371,1372,1373
1374,PL515,3,1303,1371,1372,1374
1375,PL516,3,1303,1371,1372,1375
1376,PL517,3,1303,1371,1372,1376
1377,PL518,3,1303,1371,1372,1377
1378,PL52,2,1303,1371,1378,0
1379,PL523,3,1303,1371,1378,1379
1380,PL524,3,1303,1371,1378,1380
1381,PL6,1,1303,1381,0,0
1382,PL61,2,1303,1381,1382,0
1383,PL613,3,1303,1381,1382,1383
1384,PL616,3,1303,1381,1382,1384
1385,PL617,3,1303,1381,1382,1385
1386,PL618,3,1303,1381,1382,1386
1387,PL619,3,1303,1381,1382,1387
1388,PL62,2,1303,1381,1388,0
1389,PL621,3,1303,1381,1388,1389
1390,PL622,3,1303,1381,1388,1390
1391,PL623,3,1303,1381,1388,1391
1392,PL63,2,1303,1381,1392,0
1393,PL633,3,1303,1381,1392,1393
1394,PL634,3,1303,1381,1392,1394
1395,PL636,3,1303,1381,1392,1395
1396,PL637,3,1303,1381,1392,1396
1397,PL638,3,1303,1381,1392,1397
1398,PLZ,1,1303,1398,0,0
1399,PLZZ,2,1303,1398,1399,0
1400,PLZZZ,3,1303,1398,1399,1400
1401,PT,0,1401,0,0,0
1402,PT1,1,1401,1402,0,0
1403,PT11,2,1401,1402,1403,0
1404,PT111,3,1401,1402,1403,1404
1405,PT112,3,1401,1402,1403,1405
1406,PT119,3,1401,1402,1403,1406
1407,PT11A,3,1401,1402,1403,1407
1408,PT11B,3,1401,1402,1403,1408
1409,PT11C,3,1401,1402,1403,1409
1410,PT11D,3,1401,1402,1403,1410
1411,PT11E,3,1401,1402,1403,1411
1412,PT15,2,1401,1402,1412,0
1413,PT150,3,1401,1402,1412,1413
1414,PT16,2,1401,1402,1414,0
1415,PT16B,3,1401,1402,1414,1415
1416,PT16D,3,1401,1402,1414,1416
1417,PT16E,3,1401,1402,1414,1417
1418,PT16F,3,1401,1402,1414,1418
1419,PT16G,3,1401,1402,1414,1419
1420,PT16H,3,1401,1402,1414,1420
1421,PT16I,3,1401,1402,1414,1421
1422,PT16J,3,1401,1402,1414,1422
1423,PT17,2,1401,1402,1423,0
1424,PT170,3,1401,1402,1423,1424
1425,PT18,2,1401,1402,1425,0
1426,PT181,3,1401,1402,1425,1426
1427,PT184,3,1401,1402,1425,1427
1428,PT185,3,1401,1402,1425,1428
1429,PT186,3,1401,1402,1425,1429
1430,PT187,3,1401,1402,1425,1430
1431,PT2,1,1401,1431,0,0
1432,PT20,2,1401,1431,1432,0
1433,PT200,3,1401,1431,1432,1433
1434,PT3,1,1401,1434,0,0
1435,PT30,2,1401,1434,1435,0
1436,PT300,3,1401,1434,1435,1436
1437,PTZ,1,1401,1437,0,0
1438,PTZZ,2,1401,1437,1438,0
1439,PTZZZ,3,1401,1437,1438,1439
1440,RO,0,1440,0,0,0
1441,RO1,1,1440,1441,0,0
1442,RO11,2,1440,1441,1442,0
1443,RO111,3,1440,1441,1442,1443
1444,RO112,3,1440,1441,1442,1444
1445,RO113,3,1440,1441,1442,1445
1446,RO114,3,1440,1441,1442,1446
1447,RO115,3,1440,1441,1442,1447
1448,RO116,3,1440,1441,1442,1448
1449,RO12,2,1440,1441,1449,0
1450,RO121,3,1440,1441,1449,1450
1451,RO122,3,1440,1441,1449,1451
1452,RO123,3,1440,1441,1449,1452
1453,RO124,3,1440,1441,1449,1453
1454,RO125,3,1440,1441,1449,1454
1455,RO126,3,1440,1441,1449,1455
1456,RO2,1,1440,1456,0,0
1457,RO21,2,1440,1456,1457,0
1458,RO211,3,1440,1456,1457,1458
1459,RO212,3,1440,1456,1457,1459
1460,RO213,3,1440,1456,1457,1460
1461,RO214,3,1440,1456,1457,1461
1462,RO215,3,1440,1456,1457,1462
1463,RO216,3,1440,1456,1457,1463
1464,RO22,2,1440,1456,1464,0
1465,RO221,3,1440,1456,1464,1465
1466,RO222,3,1440,1456,1464,1466
1467,RO223,3,1440,1456,1464,1467
1468,RO224,3,1440,1456,1464,1468
1469,RO225,3,1440,1456,1464,1469
1470,RO226,3,1440,1456,1464,1470
1471,RO3,1,1440,1471,0,0
1472,RO31,2,1440,1471,1472,0
1473,RO311,3,1440,1471,1472,1473
1474,RO312,3,1440,1471,1472,1474
1475,RO313,3,1440,1471,1472,1475
1476,RO314,3,1440,1471,1472,1476
1477,RO315,3,1440,1471,1472,1477
1478,RO316,3,1440,1471,1472,1478
1479,RO317,3,1440,1471,1472,1479
1480,RO32,2,1440,1471,1480,0
1481,RO321,3,1440,1471,1480,1481
1482,RO322,3,1440,1471,1480,1482
1483,RO4,1,1440,1483,0,0
1484,RO41,2,1440,1483,1484,0
1485,RO411,3,1440,1483,1484,1485
1486,RO412,3,1440,1483,1484,1486
1487,RO413,3,1440,1483,1484,1487
1488,RO414,3,1440,1483,1484,1488
1489,RO415,3,1440,1483,1484,1489
1490,RO42,2,1440,1483,1490,0
1491,RO421,3,1440,1483,1490,1491
1492,RO422,3,1440,1483,1490,1492
1493,RO423,3,1440,1483,1490,1493
1494,RO424,3,1440,1483,1490,1494
1495,ROZ,1,1440,1495,0,0
1496,ROZZ,2,1440,1495,1496,0
1497,ROZZZ,3,1440,1495,1496,1497
1498,SI,0,1498,0,0,0
1499,SI0,1,1498,1499,0,0
1500,SI03,2,1498,1499,1500,0
1501,SI031,3,1498,1499,1500,1501
1502,SI032,3,1498,1499,1500,1502
1503,SI033,3,1498,1499,1500,1503
1504,SI034,3,1498,1499,1500,1504
1505,SI035,3,1498,1499,1500,1505
1506,SI036,3,1498,1499,1500,1506
1507,SI037,3,1498,1499,1500,1507
1508,SI038,3,1498,1499,1500,1508
1509,SI04,2,1498,1499,1509,0
1510,SI041,3,1498,1499,1509,1510
1511,SI042,3,1498,1499,1509,1511
1512,SI043,3,1498,1499,1509,1512
1513,SI044,3,1498,1499,1509,1513
1514,SIZ,1,1498,1514,0,0
1515,SIZZ,2,1498,1514,1515,0
1516,SIZZZ,3,1498,1514,1515,1516
1517,SK,0,1517,0,0,0
1518,SK0,1,1517,1518,0,0
1519,SK01,2,1517,1518,1519,0
1520,SK010,3,1517,1518,1519,1520
1521,SK02,2,1517,1518,1521,0
1522,SK021,3,1517,1518,1521,1522
1523,SK022,3,1517,1518,1521,1523
1524,SK023,3,1517,1518,1521,1524
1525,SK03,2,1517,1518,1525,0
1526,SK031,3,1517,1518,1525,1526
1527,SK032,3,1517,1518,1525,1527
1528,SK04,2,1517,1518,1528,0
1529,SK041,3,1517,1518,1528,1529
1530,SK042,3,1517,1518,1528,1530
1531,SKZ,1,1517,1531,0,0
1532,SKZZ,2,1517,1531,1532,0
1533,SKZZZ,3,1517,1531,1532,1533
1534,FI,0,1534,0,0,0
1535,FI1,1,1534,1535,0,0
1536,FI19,2,1534,1535,1536,0
1537,FI193,3,1534,1535,1536,1537
1538,FI194,3,1534,1535,1536,1538
1539,FI195,3,1534,1535,1536,1539
1540,FI196,3,1534,1535,1536,1540
1541,FI197,3,1534,1535,1536,1541
1542,FI1B,2,1534,1535,1542,0
1543,FI1B1,3,1534,1535,1542,1543
1544,FI1C,2,1534,1535,1544,0
1545,FI1C1,3,1534,1535,1544,1545
1546,FI1C2,3,1534,1535,1544,1546
1547,FI1C3,3,1534,1535,1544,1547
1548,FI1C4,3,1534,1535,1544,1548
1549,FI1C5,3,1534,1535,1544,1549
1550,FI1D,2,1534,1535,1550,0
1551,FI1D1,3,1534,1535,1550,1551
1552,FI1D2,3,1534,1535,1550,1552
1553,FI1D3,3,1534,1535,1550,1553
1554,FI1D4,3,1534,1535,1550,1554
1555,FI1D5,3,1534,1535,1550,1555
1556,FI1D6,3,1534,1535,1550,1556
1557,FI1D7,3,1534,1535,1550,1557
1558,FI2,1,1534,1558,0,0
1559,FI20,2,1534,1558,1559,0
1560,FI200,3,1534,1558,1559,1560
1561,FIZ,1,1534,1561,0,0
1562,FIZZ,2,1534,1561,1562,0
1563,FIZZZ,3,1534,1561,1562,1563
1564,SE,0,1564,0,0,0
1565,SE1,1,1564,1565,0,0
1566,SE11,2,1564,1565,1566,0
1567,SE110,3,1564,1565,1566,1567
1568,SE12,2,1564,1565,1568,0
1569,SE121,3,1564,1565,1568,1569
1570,SE122,3,1564,1565,1568,1570
1571,SE123,3,1564,1565,1568,1571
1572,SE124,3,1564,1565,1568,1572
1573,SE125,3,1564,1565,1568,1573
1574,SE2,1,1564,1574,0,0
1575,SE21,2,1564,1574,1575,0
1576,SE211,3,1564,1574,1575,1576
1577,SE212,3,1564,1574,1575,1577
1578,SE213,3,1564,1574,1575,1578
1579,SE214,3,1564,1574,1575,1579
1580,SE22,2,1564,1574,1580,0
1581,SE221,3,1564,1574,1580,1581
1582,SE224,3,1564,1574,1580,1582
1583,SE23,2,1564,1574,1583,0
1584,SE231,3,1564,1574,1583,1584
1585,SE232,3,1564,1574,1583,1585
1586,SE3,1,1564,1586,0,0
1587,SE31,2,1564,1586,1587,0
1588,SE311,3,1564,1586,1587,1588
1589,SE312,3,1564,1586,1587,1589
1590,SE313,3,1564,1586,1587,1590
1591,SE32,2,1564,1586,1591,0
1592,SE321,3,1564,1586,1591,1592
1593,SE322,3,1564,1586,1591,1593
1594,SE33,2,1564,1586,1594,0
1595,SE331,3,1564,1586,1594,1595
1596,SE332,3,1564,1586,1594,1596
1597,SEZ,1,1564,1597,0,0
1598,SEZZ,2,1564,1597,1598,0
1599,SEZZZ,3,1564,1597,1598,1599
1600,UK,0,1600,0,0,0
1601,UKC,1,1600,1601,0,0
1602,UKC1,2,1600,1601,1602,0
1603,UKC11,3,1600,1601,1602,1603
1604,UKC12,3,1600,1601,1602,1604
1605,UKC13,3,1600,1601,1602,1605
1606,UKC14,3,1600,1601,1602,1606
1607,UKC2,2,1600,1601,1607,0
1608,UKC21,3,1600,1601,1607,1608
1609,UKC22,3,1600,1601,1607,1609
1610,UKC23,3,1600,1601,1607,1610
1611,UKD,1,1600,1611,0,0
1612,UKD1,2,1600,1611,1612,0
1613,UKD11,3,1600,1611,1612,1613
1614,UKD12,3,1600,1611,1612,1614
1615,UKD3,2,1600,1611,1615,0
1616,UKD33,3,1600,1611,1615,1616
1617,UKD34,3,1600,1611,1615,1617
1618,UKD35,3,1600,1611,1615,1618
1619,UKD36,3,1600,1611,1615,1619
1620,UKD37,3,1600,1611,1615,1620
1621,UKD4,2,1600,1611,1621,0
1622,UKD41,3,1600,1611,1621,1622
1623,UKD42,3,1600,1611,1621,1623
1624,UKD44,3,1600,1611,1621,1624
1625,UKD45,3,1600,1611,1621,1625
1626,UKD46,3,1600,1611,1621,1626
1627,UKD47,3,1600,1611,1621,1627
1628,UKD6,2,1600,1611,1628,0
1629,UKD61,3,1600,1611,1628,1629
1630,UKD62,3,1600,1611,1628,1630
1631,UKD63,3,1600,1611,1628,1631
1632,UKD7,2,1600,1611,1632,0
1633,UKD71,3,1600,1611,1632,1633
1634,UKD72,3,1600,1611,1632,1634
1635,UKD73,3,1600,1611,1632,1635
1636,UKD74,3,1600,1611,1632,1636
1637,UKE,1,1600,1637,0,0
1638,UKE1,2,1600,1637,1638,0
1639,UKE11,3,1600,1637,1638,1639
1640,UKE12,3,1600,1637,1638,1640
1641,UKE13,3,1600,1637,1638,1641
1642,UKE2,2,1600,1637,1642,0
1643,UKE21,3,1600,1637,1642,1643
1644,UKE22,3,1600,1637,1642,1644
1645,UKE3,2,1600,1637,1645,0
1646,UKE31,3,1600,1637,1645,1646
1647,UKE32,3,1600,1637,1645,1647
1648,UKE4,2,1600,1637,1648,0
1649,UKE41,3,1600,1637,1648,1649
1650,UKE42,3,1600,1637,1648,1650
1651,UKE44,3,1600,1637,1648,1651
1652,UKE45,3,1600,1637,1648,1652
1653,UKF,1,1600,1653,0,0
1654,UKF1,2,1600,1653,1654,0
1655,UKF11,3,1600,1653,1654,1655
1656,UKF12,3,1600,1653,1654,1656
1657,UKF13,3,1600,1653,1654,1657
1658,UKF14,3,1600,1653,1654,1658
1659,UKF15,3,1600,1653,1654,1659
1660,UKF16,3,1600,1653,1654,1660
1661,UKF2,2,1600,1653,1661,0
1662,UKF21,3,1600,1653,1661,1662
1663,UKF22,3,1600,1653,1661,1663
1664,UKF24,3,1600,1653,1661,1664
1665,UKF25,3,1600,1653,1661,1665
1666,UKF3,2,1600,1653,1666,0
1667,UKF30,3,1600,1653,1666,1667
1668,UKG,1,1600,1668,0,0
1669,UKG1,2,1600,1668,1669,0
1670,UKG11,3,1600,1668,1669,1670
1671,UKG12,3,1600,1668,1669,1671
1672,UKG13,3,1600,1668,1669,1672
1673,UKG2,2,1600,1668,1673,0
1674,UKG21,3,1600,1668,1673,1674
1675,UKG22,3,1600,1668,1673,1675
1676,UKG23,3,1600,1668,1673,1676
1677,UKG24,3,1600,1668,1673,1677
1678,UKG3,2,1600,1668,1678,0
1679,UKG31,3,1600,1668,1678,1679
1680,UKG32,3,1600,1668,1678,1680
1681,UKG33,3,1600,1668,1678,1681
1682,UKG36,3,1600,1668,1678,1682
1683,UKG37,3,1600,1668,1678,1683
1684,UKG38,3,1600,1668,1678,1684
1685,UKG39,3,1600,1668,1678,1685
1686,UKH,1,1600,1686,0,0
1687,UKH1,2,1600,1686,1687,0
1688,UKH11,3,1600,1686,1687,1688
1689,UKH12,3,1600,1686,1687,1689
1690,UKH14,3,1600,1686,1687,1690
1691,UKH15,3,1600,1686,1687,1691
1692,UKH16,3,1600,1686,1687,1692
1693,UKH17,3,1600,1686,1687,1693
1694,UKH2,2,1600,1686,1694,0
1695,UKH21,3,1600,1686,1694,1695
1696,UKH23,3,1600,1686,1694,1696
1697,UKH24,3,1600,1686,1694,1697
1698,UKH25,3,1600,1686,1694,1698
1699,UKH3,2,1600,1686,1699,0
1700,UKH31,3,1600,1686,1699,1700
1701,UKH32,3,1600,1686,1699,1701
1702,UKH34,3,1600,1686,1699,1702
1703,UKH35,3,1600,1686,1699,1703
1704,UKH36,3,1600,1686,1699,1704
1705,UKH37,3,1600,1686,1699,1705
1706,UKI,1,1600,1706,0,0
1707,UKI3,2,1600,1706,1707,0
1708,UKI31,3,1600,1706,1707,1708
1709,UKI32,3,1600,1706,1707,1709
1710,UKI33,3,1600,1706,1707,1710
1711,UKI34,3,1600,1706,1707,1711
1712,UKI4,2,1600,1706,1712,0
1713,UKI41,3,1600,1706,1712,1713
1714,UKI42,3,1600,1706,1712,1714
1715,UKI43,3,1600,1706,1712,1715
1716,UKI44,3,1600,1706,1712,1716
1717,UKI45,3,1600,1706,1712,1717
1718,UKI5,2,1600,1706,1718,0
1719,UKI51,3,1600,1706,1718,1719
1720,UKI52,3,1600,1706,1718,1720
1721,UKI53,3,1600,1706,1718,1721
1722,UKI54,3,1600,1706,1718,1722
1723,UKI6,2,1600,1706,1723,0
1724,UKI61,3,1600,1706,1723,1724
1725,UKI62,3,1600,1706,1723,1725
1726,UKI63,3,1600,1706,1723,1726
1727,UKI7,2,1600,1706,1727,0
1728,UKI71,3,1600,1706,1727,1728
1729,UKI72,3,1600,1706,1727,1729
1730,UKI73,3,1600,1706,1727,1730
1731,UKI74,3,1600,1706,1727,1731
1732,UKI75,3,1600,1706,1727,1732
1733,UKJ,1,1600,1733,0,0
1734,UKJ1,2,1600,1733,1734,0
1735,UKJ11,3,1600,1733,1734,1735
1736,UKJ12,3,1600,1733,1734,1736
1737,UKJ13,3,1600,1733,1734,1737
1738,UKJ14,3,1600,1733,1734,1738
1739,UKJ2,2,1600,1733,1739,0
1740,UKJ21,3,1600,1733,1739,1740
1741,UKJ22,3,1600,1733,1739,1741
1742,UKJ25,3,1600,1733,1739,1742
1743,UKJ26,3,1600,1733,1739,1743
1744,UKJ27,3,1600,1733,1739,1744
1745,UKJ28,3,1600,1733,1739,1745
1746,UKJ3,2,1600,1733,1746,0
1747,UKJ31,3,1600,1733,1746,1747
1748,UKJ32,3,1600,1733,1746,1748
1749,UKJ34,3,1600,1733,1746,1749
1750,UKJ35,3,1600,1733,1746,1750
1751,UKJ36,3,1600,1733,1746,1751
1752,UKJ37,3,1600,1733,1746,1752
1753,UKJ4,2,1600,1733,1753,0
1754,UKJ41,3,1600,1733,1753,1754
1755,UKJ43,3,1600,1733,1753,1755
1756,UKJ44,3,1600,1733,1753,1756
1757,UKJ45,3,1600,1733,1753,1757
1758,UKJ46,3,1600,1733,1753,1758
1759,UKK,1,1600,1759,0,0
1760,UKK1,2,1600,1759,1760,0
1761,UKK11,3,1600,1759,1760,1761
1762,UKK12,3,1600,1759,1760,1762
1763,UKK13,3,1600,1759,1760,1763
1764,UKK14,3,1600,1759,1760,1764
1765,UKK15,3,1600,1759,1760,1765
1766,UKK2,2,1600,1759,1766,0
1767,UKK21,3,1600,1759,1766,1767
1768,UKK22,3,1600,1759,1766,1768
1769,UKK23,3,1600,1759,1766,1769
1770,UKK3,2,1600,1759,1770,0
1771,UKK30,3,1600,1759,1770,1771
1772,UKK4,2,1600,1759,1772,0
1773,UKK41,3,1600,1759,1772,1773
1774,UKK42,3,1600,1759,1772,1774
1775,UKK43,3,1600,1759,1772,1775
1776,UKL,1,1600,1776,0,0
1777,UKL1,2,1600,1776,1777,0
1778,UKL11,3,1600,1776,1777,1778
1779,UKL12,3,1600,1776,1777,1779
1780,UKL13,3,1600,1776,1777,1780
1781,UKL14,3,1600,1776,1777,1781
1782,UKL15,3,1600,1776,1777,1782
1783,UKL16,3,1600,1776,1777,1783
1784,UKL17,3,1600,1776,1777,1784
1785,UKL18,3,1600,1776,1777,1785
1786,UKL2,2,1600,1776,1786,0
1787,UKL21,3,1600,1776,1786,1787
1788,UKL22,3,1600,1776,1786,1788
1789,UKL23,3,1600,1776,1786,1789
1790,UKL24,3,1600,1776,1786,1790
1791,UKM,1,1600,1791,0,0
1792,UKM2,2,1600,1791,1792,0
1793,UKM21,3,1600,1791,1792,1793
1794,UKM22,3,1600,1791,1792,1794
1795,UKM23,3,1600,1791,1792,1795
1796,UKM24,3,1600,1791,1792,1796
1797,UKM25,3,1600,1791,1792,1797
1798,UKM26,3,1600,1791,1792,1798
1799,UKM27,3,1600,1791,1792,1799
1800,UKM28,3,1600,1791,1792,1800
1801,UKM3,2,1600,1791,1801,0
1802,UKM31,3,1600,1791,1801,1802
1803,UKM32,3,1600,1791,1801,1803
1804,UKM33,3,1600,1791,1801,1804
1805,UKM34,3,1600,1791,1801,1805
1806,UKM35,3,1600,1791,1801,1806
1807,UKM36,3,1600,1791,1801,1807
1808,UKM37,3,1600,1791,1801,1808
1809,UKM38,3,1600,1791,1801,1809
1810,UKM5,2,1600,1791,1810,0
1811,UKM50,3,1600,1791,1810,1811
1812,UKM6,2,1600,1791,1812,0
1813,UKM61,3,1600,1791,1812,1813
1814,UKM62,3,1600,1791,1812,1814
1815,UKM63,3,1600,1791,1812,1815
1816,UKM64,3,1600,1791,1812,1816
1817,UKM65,3,1600,1791,1812,1817
1818,UKM66,3,1600,1791,1812,1818
1819,UKN,1,1600,1819,0,0
1820,UKN0,2,1600,1819,1820,0
1821,UKN01,3,1600,1819,1820,1821
1822,UKN02,3,1600,1819,1820,1822
1823,UKN03,3,1600,1819,1820,1823
1824,UKN04,3,1600,1819,1820,1824
1825,UKN05,3,1600,1819,1820,1825
1826,UKZ,1,1600,1826,0,0
1827,UKZZ,2,1600,1826,1827,0
1828,UKZZZ,3,1600,1826,1827,1828
1829,IS,0,1829,0,0,0
1830,IS0,1,1829,1830,0,0
1831,IS00,2,1829,1830,1831,0
1832,IS001,3,1829,1830,1831,1832
1833,IS002,3,1829,1830,1831,1833
1834,ISZ,1,1829,1834,0,0
1835,ISZZ,2,1829,1834,1835,0
1836,ISZZZ,3,1829,1834,1835,1836
1837,LI,0,1837,0,0,0
1838,LI0,1,1837,1838,0,0
1839,LI00,2,1837,1838,1839,0
1840,LI000,3,1837,1838,1839,1840
1841,LIZ,1,1837,1841,0,0
1842,LIZZ,2,1837,1841,1842,0
1843,LIZZZ,3,1837,1841,1842,1843
1844,NO,0,1844,0,0,0
1845,NO1,1,1844,1845,0,0
1846,NO01,2,1844,0,1846,0
1847,NO011,3,1844,0,1846,1847
1848,NO012,3,1844,0,1846,1848
1849,NO02,2,1844,0,1849,0
1850,NO021,3,1844,0,1849,1850
1851,NO022,3,1844,0,1849,1851
1852,NO03,2,1844,0,1852,0
1853,NO031,3,1844,0,1852,1853
1854,NO032,3,1844,0,1852,1854
1855,NO033,3,1844,0,1852,1855
1856,NO034,3,1844,0,1852,1856
1857,NO04,2,1844,0,1857,0
1858,NO041,3,1844,0,1857,1858
1859,NO042,3,1844,0,1857,1859
1860,NO043,3,1844,0,1857,1860
1861,NO05,2,1844,0,1861,0
1862,NO051,3,1844,0,1861,1862
1863,NO052,3,1844,0,1861,1863
1864,NO053,3,1844,0,1861,1864
1865,NO06,2,1844,0,1865,0
1866,NO061,3,1844,0,1865,1866
1867,NO062,3,1844,0,1865,1867
1868,NO07,2,1844,0,1868,0
1869,NO071,3,1844,0,1868,1869
1870,NO072,3,1844,0,1868,1870
1871,NO073,3,1844,0,1868,1871
1872,NOZ,1,1844,1872,0,0
1873,NOZZ,2,1844,1872,1873,0
1874,NOZZZ,3,1844,1872,1873,1874
1875,CH,0,1875,0,0,0
1876,CH0,1,1875,1876,0,0
1877,CH01,2,1875,1876,1877,0
1878,CH011,3,1875,1876,1877,1878
1879,CH012,3,1875,1876,1877,1879
1880,CH013,3,1875,1876,1877,1880
1881,CH02,2,1875,1876,1881,0
1882,CH021,3,1875,1876,1881,1882
1883,CH022,3,1875,1876,1881,1883
1884,CH023,3,1875,1876,1881,1884
1885,CH024,3,1875,1876,1881,1885
1886,CH025,3,1875,1876,1881,1886
1887,CH03,2,1875,1876,1887,0
1888,CH031,3,1875,1876,1887,1888
1889,CH032,3,1875,1876,1887,1889
1890,CH033,3,1875,1876,1887,1890
1891,CH04,2,1875,1876,1891,0
1892,CH040,3,1875,1876,1891,1892
1893,CH05,2,1875,1876,1893,0
1894,CH051,3,1875,1876,1893,1894
1895,CH052,3,1875,1876,1893,1895
1896,CH053,3,1875,1876,1893,1896
1897,CH054,3,1875,1876,1893,1897
1898,CH055,3,1875,1876,1893,1898
1899,CH056,3,1875,1876,1893,1899
1900,CH057,3,1875,1876,1893,1900
1901,CH06,2,1875,1876,1901,0
1902,CH061,3,1875,1876,1901,1902
1903,CH062,3,1875,1876,1901,1903
1904,CH063,3,1875,1876,1901,1904
1905,CH064,3,1875,1876,1901,1905
1906,CH065,3,1875,1876,1901,1906
1907,CH066,3,1875,1876,1901,1907
1908,CH07,2,1875,1876,1908,0
1909,CH070,3,1875,1876,1908,1909
1910,CHZ,1,1875,1910,0,0
1911,CHZZ,2,1875,1910,1911,0
1912,CHZZZ,3,1875,1910,1911,1912
1913,ME,0,1913,0,0,0
1914,ME0,1,1913,1914,0,0
1915,ME00,2,1913,1914,1915,0
1916,ME000,3,1913,1914,1915,1916
1917,MEZ,1,1913,1917,0,0
1918,MEZZ,2,1913,1917,1918,0
1919,MEZZZ,3,1913,1917,1918,1919
1920,MK,0,1920,0,0,0
1921,MK0,1,1920,1921,0,0
1922,MK00,2,1920,1921,1922,0
1923,MK001,3,1920,1921,1922,1923
1924,MK002,3,1920,1921,1922,1924
1925,MK003,3,1920,1921,1922,1925
1926,MK004,3,1920,1921,1922,1926
1927,MK005,3,1920,1921,1922,1927
1928,MK006,3,1920,1921,1922,1928
1929,MK007,3,1920,1921,1922,1929
1930,MK008,3,1920,1921,1922,1930
1931,MKZ,1,1920,1931,0,0
1932,MKZZ,2,1920,1931,1932,0
1933,MKZZZ,3,1920,1931,1932,1933
1934,AL,0,1934,0,0,0
1935,AL0,1,1934,1935,0,0
1936,AL01,2,1934,1935,1936,0
1937,AL011,3,1934,1935,1936,1937
1938,AL012,3,1934,1935,1936,1938
1939,AL013,3,1934,1935,1936,1939
1940,AL014,3,1934,1935,1936,1940
1941,AL015,3,1934,1935,1936,1941
1942,AL02,2,1934,1935,1942,0
1943,AL021,3,1934,1935,1942,1943
1944,AL022,3,1934,1935,1942,1944
1945,AL03,2,1934,1935,1945,0
1946,AL031,3,1934,1935,1945,1946
1947,AL032,3,1934,1935,1945,1947
1948,AL033,3,1934,1935,1945,1948
1949,AL034,3,1934,1935,1945,1949
1950,AL035,3,1934,1935,1945,1950
1951,ALZ,1,1934,1951,0,0
1952,ALZZ,2,1934,1951,1952,0
1953,ALZZZ,3,1934,1951,1952,1953
1954,BA,0,1954,0,0,0
1955,BA0,1,1954,1955,0,0
1956,BA01,2,1954,1955,1956,0
1957,BA011,3,1954,1955,1956,1957
1958,BA012,3,1954,1955,1956,1958
1959,BA013,3,1954,1955,1956,1959
1960,BA014,3,1954,1955,1956,1960
1961,BA015,3,1954,1955,1956,1961
1962,BA016,3,1954,1955,1956,1962
1963,BA017,3,1954,1955,1956,1963
1964,BA018,3,1954,1955,1956,1964
1965,BA019,3,1954,1955,1956,1965
1966,BA01A,3,1954,1955,1956,1966
1967,BA02,2,1954,1955,1967,0
1968,BA021,3,1954,1955,1967,1968
1969,BA03,2,1954,1955,1969,0
1970,BA031,3,1954,1955,1969,1970
1971,BAZ,1,1954,1971,0,0
1972,BAZZ,2,1954,1971,1972,0
1973,BAZZZ,3,1954,1971,1972,1973
1974,KO,0,1974,0,0,0
1975,KO0,1,1974,1975,0,0
1976,KO00,2,1974,1975,1976,0
1977,KO000,3,1974,1975,1976,1977
1978,KOZ,1,1974,1978,0,0
1979,KOZZ,2,1974,1978,1979,0
1980,KOZZZ,3,1974,1978,1979,1980
1981,RS,0,1981,0,0,0
1982,RS0,1,1981,1982,0,0
1983,RS01,2,1981,1982,1983,0
1984,RS011,3,1981,1982,1983,1984
1985,RS012,3,1981,1982,1983,1985
1986,RS02,2,1981,1982,1986,0
1987,RS021,3,1981,1982,1986,1987
1988,RS022,3,1981,1982,1986,1988
1989,RS023,3,1981,1982,1986,1989
1990,RSZ,1,1981,1990,0,0
1991,RSZZ,2,1981,1990,1991,0
1992,RSZZZ,3,1981,1990,1991,1992
